id,name,category,description,key_features,order_index
08e8f6ed-02c3-4afd-874b-cae6ddf10a01,Videotok,TikTok Avatar Generation,"AI tool for faceless video creation including voice cloning, avatar generation, and animation effects.","[""Voice cloning and AI avatar generation"",""Converts text, URLs, or audio into video"",""Custom animation effects""]",17
1c7e0fa9-988c-4710-8eb8-ef6313f53816,FlexClip,TikTok Mobile Editing,"Online editor with templates, text-to-speech, and custom animations, useful for easy faceless TikTok content.","[""Online editor with templates"",""Text-to-speech functionality"",""Custom animations and graphics"",""User-friendly interface""]",20
30462065-0494-4f45-8eb7-b974c0d4ea1c,Lumen5,AI Automation,Automates storytelling by converting text or blog posts into short videos.,"[""Text-to-video automation"",""AI selects visuals, transitions, and music"",""Great for educational and informational Reels"",""Repurposes written content quickly""]",2
3c107e7e-1c33-4de0-b068-73becab8ad07,VideoBytes.ai,AI Automation,"Automated AI tool generating scripts, visuals, and voiceovers for Reels.","[""Produces upload-ready videos with minimal effort"",""Generates scripts, visuals, and voiceovers"",""Designed for short-form platforms (Reels/TikTok)"",""Focuses on minimal-effort production""]",3
4bb49a03-9b0b-427f-bc6c-7116d42f787e,BigMotion AI,Specialized Automation,"Fully automated faceless video generator combining visuals, captions, voiceovers, and music in a one-click process.","[""One-click video creation"",""Combines all necessary assets automatically"",""Simplifies high-volume posting"",""Popular for income-generating channels""]",7
54a7a070-994f-4700-b910-46ba5652544f,Faceless.video,TikTok AI Automation,"Automates faceless video content creation and posting daily on TikTok, supporting API integrations for scaling.","[""Automated daily posting"",""Converts text to video fast with AI"",""Supports API integrations"",""Designed for high-volume content""]",13
54cf2a31-ee18-4528-a0d5-a4e93cd614a8,JoggAI,TikTok Avatar Generation,"Creates custom AI avatars and voice narrations for faceless TikTok videos, suitable for tutorials and reviews.","[""Custom AI avatar creation"",""Voice narration synthesis"",""Ideal for instructional or review content"",""No personal appearance required""]",18
5d64ce52-8022-4997-a5c3-785344be4053,Veed.io,AI Automation,Versatile browser-based video editor optimized for social media.,"[""Automatic captioning"",""Voiceovers and audio cleaning"",""Templates and stock footage"",""Optimized for social media aspect ratios""]",1
6118a65c-629f-4189-825b-6de36d126d2f,SendShort,Design & Quick Editing,"Specialized AI tool for fast faceless Instagram Reels creation, focusing on viral content features.","[""Fast editing and formatting"",""Auto-captioning and text overlays"",""Focus on viral content techniques"",""Supports multiple languages""]",10
65f2071a-8716-4a40-88b1-fd400fa45284,Canva (Video Editor),Design & Quick Editing,"User-friendly design platform with pre-made Instagram Reel templates, ideal for aesthetic and brand consistency.","[""Pre-made Reel templates"",""Drag-and-drop user interface"",""Strong brand consistency features"",""Supports text animations and stock videos""]",9
6e2e9591-0f1d-48dd-a9af-60998cebb9b0,Creatomate,Specialized Automation,Video automation platform that can produce hundreds of faceless Reels quickly using templates.,"[""Video automation for scaling"",""Customizable templates with dynamic placeholders"",""Ideal for managing multiple accounts"",""Programmatic content generation""]",6
71a69ebe-80ee-41b2-beb8-8318c5ba6931,AutoShorts.ai,TikTok AI Automation,AI platform dedicated to automating faceless TikTok video generation and scheduling for rapid channel growth.,"[""Automated video generation and scheduling"",""Great for rapid channel growth"",""No on-camera appearance required"",""Full pipeline management""]",14
7b9992ba-410e-48fd-bd81-a81aaad69b8f,Synthesia,Specialized Automation,AI avatar and voice generation platform for high-quality faceless videos.,"[""AI avatar presentation"",""Voice generation for educational content"",""Supports multiple languages"",""High production value tutorials""]",5
c9af3ab1-dc98-46f6-bc89-5a829cf7987d,CapCut,TikTok Mobile Editing,"Popular mobile video editing app for TikTok with text-to-speech, filters, and effects.","[""Mobile-first editing"",""Native TikTok features (TTS, trending effects)"",""Easy editing and voiceover capabilities"",""Free to use""]",19
d2b90a32-cb43-4136-b7f7-d49051031f85,Pictory.ai,Specialized Automation,"Converts scripts and long videos into short, faceless clips optimized for both Instagram Reels and TikTok with automatic captioning and AI voiceovers.","[""Content repurposing from long videos"",""Automatic captioning and text-to-speech"",""Optimized for short-form engagement"",""Natural-sounding AI voices"",""Efficient content repurposing for TikTok growth"",""Automatic segmentation of long videos"",""Efficient content repurposing for TikTok growth"",""Automatic segmentation of long videos""]",16
e538ba48-b54d-4770-862a-e35c044b3fe3,Nullface AI,TikTok AI Automation,Advanced AI platform that creates faceless videos from text scripts with customizable visuals and voices.,"[""Customizable visuals and voices"",""Text script-to-video creation"",""Automation for consistent posting"",""Conceals creator identity""]",12
e8201630-3287-4231-bc07-97adc4335234,InVideo AI,AI Automation,Browser-based tool that transforms text into high-quality videos for both Instagram Reels and TikTok using a vast library of stock footage.,"[""Script-to-video generation"",""Extensive stock video library and voiceovers"",""Ready-made, polished templates"",""Drag-and-drop interface for customization"",""Optimized for TikTok 9:16 aspect ratio"",""High retention visual selection for short-form video"",""Optimized for TikTok 9:16 aspect ratio"",""High retention visual selection for short-form video""]",15