id,title,slug,platform,category,content,excerpt,featured_image,author_id,difficulty_level,read_time,view_count,published,published_at,created_at,updated_at,tool_tags,example_applications
3ff1190d-80fc-4f77-9c9d-a06774c5e5f7,TikTok Faceless Virality: Hook & Trending Audio,tiktok-faceless-virality,TikTok,Engagement & Format,"TikTok prioritizes **immediate engagement and trending audio**. Your hook must deliver value or shock in the first 1-2 seconds. Keep videos short (7-15 seconds) to achieve a high completion rate, which TikTok reads as high intent. Always use the platformâ€™s **Add Sound** feature to leverage trending tracks. Reply to comments using video to boost community engagement and create new, relevant content streams.","A guide focused on optimizing hooks, utilizing trending audio, and mastering the short-form video loop for maximum TikTok virality.",,,beginner,,0,true,,2025-12-03 18:25:53.602333+00,2025-12-03 18:25:53.602333+00,"[""CapCut"",""TikTok Editor"",""Epidemic Sound""]","[{""feature"": ""Hook"", ""application"": ""STOP SCROLLING: This ONE stock is exploding. (Finance)""}, {""feature"": ""Hook"", ""application"": ""Wait for the end... I can't believe I made this (DIY Craft)""}, {""feature"": ""Hook"", ""application"": ""POV: Your brain needs to focus NOW (Ambient/Focus Loop)""}, {""feature"": ""Hook"", ""application"": ""This will change how you use ChatGPT (AI Hack)""}, {""feature"": ""Hook"", ""application"": ""My pet's secret life part 1 (Pet POV)""}, {""feature"": ""Hook"", ""application"": ""The world's most satisfying peel (Unboxing ASMR)""}, {""feature"": ""Hook"", ""application"": ""Fact that will blow your mind #7 (Trivia Card)""}, {""feature"": ""Hook"", ""application"": ""How to set up your dream desk (Productivity)""}, {""feature"": ""Hook"", ""application"": ""I almost QUIT before I learned this (Motivational Quote)""}, {""feature"": ""Hook"", ""application"": ""Am I the A-hole for doing this? (Reddit Story Teaser)""}, {""feature"": ""Hook"", ""application"": ""Easy weeknight meal, no face required (Cooking Hand-Cam)""}, {""feature"": ""Hook"", ""application"": ""Before & After: My $50 Room Makeover (Transformation)""}, {""feature"": ""Hook"", ""application"": ""This simple animation explains quantum physics (Educational)""}, {""feature"": ""Hook"", ""application"": ""Must-have product under $20 on Amazon (Affiliate Review)""}, {""feature"": ""Hook"", ""application"": ""Don't click away if you need cash (Finance)""}]"
453f5b62-f1a5-4dbc-87ef-d5222ab14a5c,Ultimate YouTube Faceless Content Strategy,youtube-faceless-strategy,YouTube,Strategy & Monetization,"Success on YouTube requires mastering **Watch Time** and **SEO**. Focus heavily on the first 15 seconds (the Hook) to prevent drop-off. For long-form, ensure dynamic editing with visuals (charts, B-roll) that change every 5-10 seconds. For Shorts, aim for immediate, high-value delivery and seamless looping. Use keyword research (VidIQ/TubeBuddy) to target high-volume, low-competition terms in your niche. Monetization is achieved through AdSense (high retention), Affiliate links in the description, and Patreon memberships.","A comprehensive guide on mastering YouTubeâ€™s algorithm for faceless content, focusing on hooks, retention, and keyword-driven SEO.",,,intermediate,,0,true,,2025-12-03 18:25:53.602333+00,2025-12-03 18:25:53.602333+00,"[""VidIQ"",""TubeBuddy"",""CapCut"",""ElevenLabs""]","[{""feature"": ""Thumbnail & Title"", ""application"": ""The $100M Mistake of [Famous CEO] (Mini-Doc)""}, {""feature"": ""Thumbnail & Title"", ""application"": ""INSTANT FOCUS: 10 Hours of Rain Sounds (Ambient)""}, {""feature"": ""Thumbnail & Title"", ""application"": ""9 Things Your Boss Hopes You Never Learn (Finance Explainer)""}, {""feature"": ""Thumbnail & Title"", ""application"": ""The EASIEST DIY Project You'll Ever See (DIY Hand-Cam)""}, {""feature"": ""Thumbnail & Title"", ""application"": ""TOP 10 Most Shocking Tech Fails of the Decade (Listicle)""}, {""feature"": ""Thumbnail & Title"", ""application"": ""Can AI Write a Viral Story? (Full Test) (AI Content)""}, {""feature"": ""Thumbnail & Title"", ""application"": ""The ONE Budgeting Hack That Changed My Life (Productivity)""}, {""feature"": ""Thumbnail & Title"", ""application"": ""A Chilling True Story: The Unsolved Case of [X] (True Crime)""}, {""feature"": ""Thumbnail & Title"", ""application"": ""Beginner's Guide to Crypto Mining (Faceless Walkthrough) (Finance)""}, {""feature"": ""Thumbnail & Title"", ""application"": ""Relaxing Visuals & Calming Ocean Waves (Ambient)""}, {""feature"": ""Thumbnail & Title"", ""application"": ""The Science Behind Instant Happiness (Motivational)""}, {""feature"": ""Thumbnail & Title"", ""application"": ""Minecraft: The Secrets They HIDDEN (Gaming Lore)""}, {""feature"": ""Thumbnail & Title"", ""application"": ""Unboxing the NEW [Product Name] - ASMR Focus (Unboxing)""}, {""feature"": ""Thumbnail & Title"", ""application"": ""3 Daily Habits of Ultra-Successful People (Motivational)""}, {""feature"": ""Thumbnail & Title"", ""application"": ""From Zero to Organized in 5 Minutes (Productivity)""}]"
6fbaedb3-5dd6-4cdf-8013-41c8f17ba305,Instagram Faceless Aesthetic and Value Curation,instagram-faceless-aesthetic,Instagram,Aesthetics & Format,"Instagram demands **aesthetic consistency** across your grid, Reels, and Carousels. Faceless success here relies on building a consistent mood (e.g., minimalist, dark academia) using high-quality stock assets. Utilize **Carousels for save-ability** by packing them with actionable tips or resource lists. For Reels, repurpose top-performing TikTok/Shorts content but always replace the audio with a trending, native Instagram song to boost reach.","A framework for building a recognizable, high-value faceless brand on Instagram using consistent aesthetics, Reels, and highly-shareable Carousels.",,,intermediate,,0,true,,2025-12-03 18:25:53.602333+00,2025-12-03 18:25:53.602333+00,"[""Canva"",""Unsplash"",""InShot""]","[{""feature"": ""Carousel for Value"", ""application"": ""5 Life-Changing Finance Templates (Save-worthy)""}, {""feature"": ""Carousel for Value"", ""application"": ""How to Start a Faceless IG Account: Step-by-Step""}, {""feature"": ""Carousel for Value"", ""application"": ""The Ultimate Guide to [Niche Topic] Lore""}, {""feature"": ""Carousel for Value"", ""application"": ""10 Quotes to Read When You Feel Lost""}, {""feature"": ""Carousel for Value"", ""application"": ""The Most Aesthetic iPhone Setup (Visual Curation)""}, {""feature"": ""Reels Strategy"", ""application"": ""Use a trending audio track for a quick 'Did You Know' fact card.""}, {""feature"": ""Reels Strategy"", ""application"": ""Post a slow-motion video of aesthetic B-roll with an overlaid life lesson.""}, {""feature"": ""Reels Strategy"", ""application"": ""Repurpose a successful YouTube Shorts tutorial on a budgeting hack.""}, {""feature"": ""Reels Strategy"", ""application"": ""Use the 'Before & After' template for a quick room transformation.""}, {""feature"": ""Aesthetic Consistency"", ""application"": ""Maintain a strict black/white/beige color palette for all posts and carousels.""}, {""feature"": ""Aesthetic Consistency"", ""application"": ""Only use a specific, high-contrast, bold font for all text overlays.""}, {""feature"": ""Monetization"", ""application"": ""Promote a 'Link in Bio' for a free 5-page e-book (lead magnet).""}, {""feature"": ""Monetization"", ""application"": ""Use the product tag feature on a Reel to link to an affiliate product.""}, {""feature"": ""Format"", ""application"": ""Upload a cinematic 9:16 Reel of a rainy city view with a peaceful music track.""}, {""feature"": ""Format"", ""application"": ""Create a 5-slide carousel breaking down the anatomy of a perfect coffee cup.""}]"
97a4a05c-5cf4-4170-95b1-4d4b83022c1c,The Ultimate Faceless YouTube Channel Setup (2025),faceless-youtube-setup-2025,youtube,setup,"# The Ultimate Faceless YouTube Channel Setup

Setting up your channel correctly sends positive signals to the YouTube algorithm before you even upload your first video.

## 1. Channel Identity
- **Name:** Choose a name that reflects the *niche*, not you. (e.g., ""History Bypass"" vs. ""John's History"").
- **Handle:** Ensure your @handle matches your channel name for SEO.
- **Banner:** Use a simple value proposition (e.g., ""New Dark History Documentaries Every Tuesday"").

## 2. Verification (Crucial)
You must verify your phone number to unlock:
- Custom Thumbnails (Required for CTR)
- Videos over 15 minutes
- Livestreaming

## 3. Upload Defaults (Time Saver)
Go to *Settings > Upload Defaults* and pre-fill:
- **Description:** Add your standard affiliate disclaimers and tool links (ElevenLabs, VidIQ).
- **Visibility:** Set to ""Unlisted"" so you can optimize 4K processing before publishing.
- **Tags:** Add your core niche keywords (e.g., ""True Crime"", ""Documentary"").

## 4. Branding Watermark
Upload a transparent PNG (150x150) of a ""Subscribe"" button to *Settings > Branding*. Set it to appear for the ""Entire Video"". This passive tactic increases sub count by ~5%.","A step-by-step checklist to setting up a high-CTR faceless channel, from verification to default upload settings.",,,beginner,15,0,true,2025-11-25 12:21:29.369923+00,2025-11-25 12:21:29.369923+00,2025-11-25 12:21:29.369923+00,,
a313fe1a-0b1e-4d67-aadc-6ff2eaa52b1a,"TikTok Account Warming: The ""0-Views"" Fix",tiktok-account-warming-strategy,tiktok,growth,"# TikTok Account Warming Strategy

If your first video gets 0 views, the algorithm thinks you are a bot. You need to ""warm"" the account.

## Phase 1: The Consumer Phase (Days 1-3)
**DO NOT UPLOAD YET.**
1. **Scroll:** Spend 15-20 minutes daily scrolling your specific niche (e.g., AI News).
2. **Engage:** Like, comment, and save videos *only* in your niche.
3. **Train:** If you see unrelated content (e.g., dancing trends), hold down and click ""Not Interested"".

## Phase 2: The First Upload (Day 4)
- **Device:** Upload from a phone, not a PC browser (better metadata trust).
- **Sound:** Use a ""Trending Sound"" but turn the volume to 1% if you have your own AI voiceover.
- **SEO:** Use 3-4 hashtags. #Niche #SpecificTopic #BroadTopic (e.g., #AI #ChatGPT #TechNews).

## Phase 3: The 200-View Jail
If you get stuck at 200 views for 10 videos straight:
- Change your **Hook** (visual or audio in the first 0.5 seconds).
- Shorten your video by 20%.
- Re-warm the account by engaging with top creators.","Stop getting stuck at 0 views. Learn how to ""warm up"" a new faceless TikTok account to train the algorithm.",,,intermediate,10,0,true,2025-11-25 12:21:29.369923+00,2025-11-25 12:21:29.369923+00,2025-11-25 12:21:29.369923+00,,
d427f19d-dfba-4b36-8bda-355c34fcaf91,Instagram Reels: Converting Views to High-Ticket Sales,instagram-reels-monetization,instagram,monetization,"# Instagram Reels Monetization Funnel

Views pay pennies. Sales pay dollars. Here is how to move faceless traffic off the platform.

## 1. The ""Bio"" Optimization
Your bio is not about you; it is about *them*.
- **Bad:** ""I post luxury cars.""
- **Good:** ""Helping you build online income ðŸ’¸ | ðŸ‘‡ Free Blueprint Below""

## 2. The Caption Funnel
Instagram SEO is real.
- **Headline:** ALL CAPS HOOK related to the video.
- **Body:** 3-5 bullet points expanding on the value.
- **CTA:** ""Comment the word 'START' and I will DM you the link.""

## 3. Automation (ManyChat)
Manually DMing 100 people triggers spam filters. Use ManyChat to automate:
- User comments ""START"" -> Automation sends a DM with your landing page link.
- This boosts engagement (comments) AND clicks.

## 4. The ""Pinned"" Strategy
Create three ""Pillar"" posts and pin them to the top of your profile:
1. **Who you are** (The Brand Story).
2. **Social Proof** (Testimonials/Results).
3. **The Offer** (What you sell).","How to turn viral Reel views into email subscribers and high-ticket sales using the ""Pinned Comment"" strategy.",,,advanced,12,0,true,2025-11-25 12:21:29.369923+00,2025-11-25 12:21:29.369923+00,2025-11-25 12:21:29.369923+00,,