rank,tool_name,primary_use_case,affiliate_program,commission_rate,is_recurring,cta_text,destination_url,slug,product_category,program_id,link_id
1,ElevenLabs,Hyper-Realistic Voiceovers,ElevenLabs,30.00,true,Click to Get 30% Off Your First Month,https://elevenlabs.io?ref=facelesshub,elevenlabs-voice,ai_voiceover,51ce4ef4-9663-4899-b806-71542295bcb0,345375bb-c827-4c3d-bf2e-86799c8f8bf8
2,Pictory,Automating Text-to-Video,Pictory,30.00,true,Try Pictory Free: No Credit Card Needed,https://pictory.ai?ref=facelesshub,pictory-video,video_creation,657fcf87-3f2b-4713-9f06-35bc2b0d4b03,d99b466d-da70-4f33-8a10-1732721f7c6c
3,Descript,Script-Based Editing & Overdub,Descript,25.00,true,Get the Tool Top Solopreneurs Use to Edit 10x Faster,https://descript.com?ref=facelesshub,descript-editing,video_editing,21fcb3d3-cff8-44c9-81b0-e51d14d4a4ad,87b75252-7e91-465b-87a9-624633a02807
4,InVideo AI,Prompt-to-Viral-Shorts,InVideo AI,25.00,true,Generate Your First AI Video,https://invideo.io?ref=facelesshub,invideo-ai,video_creation,a4cd856b-29ed-45b6-900d-f40900482b3a,09ca542d-e395-4e3c-8bd7-f3d332ae35e2
4,InVideo AI,Prompt-to-Viral-Shorts,InVideo AI,25.00,true,Start Creating Viral Shorts Instantly,https://invideo.io/ai?ref=facelesshub,invideo-ai-shorts,video_creation,a4cd856b-29ed-45b6-900d-f40900482b3a,3ad1e2bc-9e96-4220-8a59-e3a8b98e519f
5,Canva Pro,Thumbnails & Template Creation,Canva Pro,25.00,false,Claim Your Free 30-Day Canva Pro Trial,https://canva.com?ref=facelesshub,canva-pro-templates,design_software,caca769b-3f27-45f8-8e16-73d78ae8e8b5,e498e01e-3b68-46ea-8f6b-7a775f170785
6,ConvertKit,Faceless Newsletter Automation,ConvertKit,30.00,true,The Best Email Tool for High-Ticket Sales,https://convertkit.com?ref=facelesshub,convertkit-email,email_marketing,57b28409-e257-4536-8c79-e34d01999e80,8f27e2a9-3d5f-43d2-b168-f45967a2b4d4
7,VidIQ / TubeBuddy,Ranking Faceless Videos,VidIQ/TubeBuddy,15.00,true,See the Keywords Your Competitors Miss,https://vidiq.com?ref=facelesshub,vidiq-seo,seo_optimization,fbe61e97-bf3d-482a-addd-6c177d54294f,a6c78386-4642-4d35-b119-9af45a88ce8a
8,ChatGPT Plus,Viral Script Generation,ChatGPT Plus,10.00,false,Unlock 4x Faster Scripting with Plus,https://chat.openai.com?ref=facelesshub,chatgpt-plus,ai_scripting,70340ddd-c09d-48b0-b03c-8521f19dd686,041b8502-c589-4ab2-84ed-9c344d816641
9,RunwayML,Advanced AI Video Generation,RunwayML,20.00,true,Add Cinematic Visuals to Your Channel,https://runwayml.com?ref=facelesshub,runwayml-video,generative_ai,e02379e9-39fe-47d3-a4b7-7ee27c5bcd68,b3aed29c-8c40-4bca-b4b3-e97fd45527dd
10,ThriveCart,Digital Product Sales Funnels,ThriveCart,500.00,false,Secure Your Lifetime License,https://thrivecart.com?ref=facelesshub,thrivecart-funnels,e-commerce,eae5bd7f-003d-4aad-a235-0d9e402d1f63,1d9997fb-6267-4074-ada2-b818fdeb2cf9